Art and Culture,A,01
Art and Culture,A,02
Art and Culture,A,03
Art and Culture,A,04
Art and Culture,A,05
Art and Culture,A,06
Art and Culture,A,07
Art and Culture,A,08
Art and Culture,A,09
Art and Culture,A,10
Art and Culture,A,11
Art and Culture,A,12
Art and Culture,A,13
Art and Culture,A,14
Art and Culture,A,15
Art and Culture,A,16
Art and Culture,A,17
Art and Culture,A,18
Art and Culture,A,19
Art and Culture,A,20
Art and Culture,A,21
Art and Culture,A,22
Art and Culture,A,23
Art and Culture,A,24
Art and Culture,A,25
Art and Culture,A,26
Art and Culture,A,27
Art and Culture,A,28
Art and Culture,A,29
Art and Culture,A,30
Art and Culture,A,31
Art and Culture,A,32
Art and Culture,A,33
Art and Culture,A,34
Art and Culture,A,35
Art and Culture,A,36
Art and Culture,A,37
Art and Culture,A,38
Art and Culture,A,39
Art and Culture,A,40
Art and Culture,A,41
Art and Culture,A,42
Art and Culture,A,43
Art and Culture,A,44
Art and Culture,A,45
Art and Culture,A,46
Art and Culture,A,47
Art and Culture,A,48
Art and Culture,A,49
Art and Culture,A,50
Art and Culture,A,51
Art and Culture,A,52
Art and Culture,A,53
Art and Culture,A,54
Art and Culture,A,55
Art and Culture,A,56
Art and Culture,A,57
Art and Culture,A,58
Art and Culture,A,59
Art and Culture,A,60
Art and Culture,A,61
Art and Culture,A,62
Art and Culture,A,63
Art and Culture,A,64
Art and Culture,A,65
Art and Culture,A,66
Art and Culture,A,67
Art and Culture,A,68
Art and Culture,A,69
Art and Culture,A,70
Art and Culture,A,71
Art and Culture,A,72
Art and Culture,A,73
Art and Culture,A,74
Art and Culture,A,75
Art and Culture,A,76
Art and Culture,A,77
Art and Culture,A,78
Art and Culture,A,79
Art and Culture,A,80
Art and Culture,A,81
Art and Culture,A,82
Art and Culture,A,83
Art and Culture,A,84
Art and Culture,A,85
Art and Culture,A,86
Art and Culture,A,87
Art and Culture,A,88
Art and Culture,A,89
Art and Culture,A,90
Art and Culture,A,91
Art and Culture,A,92
Art and Culture,A,93
Art and Culture,A,94
Art and Culture,A,95
Art and Culture,A,96
Art and Culture,A,97
Art and Culture,A,98
Art and Culture,A,99
Education,B,01
Education,B,02
Education,B,03
Education,B,04
Education,B,05
Education,B,06
Education,B,07
Education,B,08
Education,B,09
Education,B,10
Education,B,11
Education,B,12
Education,B,13
Education,B,14
Education,B,15
Education,B,16
Education,B,17
Education,B,18
Education,B,19
Education,B,20
Education,B,21
Education,B,22
Education,B,23
Education,B,24
Education,B,25
Education,B,26
Education,B,27
Education,B,28
Education,B,29
Education,B,30
Education,B,31
Education,B,32
Education,B,33
Education,B,34
Education,B,35
Education,B,36
Education,B,37
Education,B,38
Education,B,39
Education,B,40
Education,B,41
Education,B,42
Education,B,43
Education,B,44
Education,B,45
Education,B,46
Education,B,47
Education,B,48
Education,B,49
Education,B,50
Education,B,51
Education,B,52
Education,B,53
Education,B,54
Education,B,55
Education,B,56
Education,B,57
Education,B,58
Education,B,59
Education,B,60
Education,B,61
Education,B,62
Education,B,63
Education,B,64
Education,B,65
Education,B,66
Education,B,67
Education,B,68
Education,B,69
Education,B,70
Education,B,71
Education,B,72
Education,B,73
Education,B,74
Education,B,75
Education,B,76
Education,B,77
Education,B,78
Education,B,79
Education,B,80
Education,B,81
Education,B,82
Education,B,83
Education,B,84
Education,B,85
Education,B,86
Education,B,87
Education,B,88
Education,B,89
Education,B,90
Education,B,91
Education,B,92
Education,B,93
Education,B,94
Education,B,95
Education,B,96
Education,B,97
Education,B,98
Education,B,99
Enviornmental,C,01
Enviornmental,C,02
Enviornmental,C,03
Enviornmental,C,04
Enviornmental,C,05
Enviornmental,C,06
Enviornmental,C,07
Enviornmental,C,08
Enviornmental,C,09
Enviornmental,C,10
Enviornmental,C,11
Enviornmental,C,12
Enviornmental,C,13
Enviornmental,C,14
Enviornmental,C,15
Enviornmental,C,16
Enviornmental,C,17
Enviornmental,C,18
Enviornmental,C,19
Enviornmental,C,20
Enviornmental,C,21
Enviornmental,C,22
Enviornmental,C,23
Enviornmental,C,24
Enviornmental,C,25
Enviornmental,C,26
Enviornmental,C,27
Enviornmental,C,28
Enviornmental,C,29
Enviornmental,C,30
Enviornmental,C,31
Enviornmental,C,32
Enviornmental,C,33
Enviornmental,C,34
Enviornmental,C,35
Enviornmental,C,36
Enviornmental,C,37
Enviornmental,C,38
Enviornmental,C,39
Enviornmental,C,40
Enviornmental,C,41
Enviornmental,C,42
Enviornmental,C,43
Enviornmental,C,44
Enviornmental,C,45
Enviornmental,C,46
Enviornmental,C,47
Enviornmental,C,48
Enviornmental,C,49
Enviornmental,C,50
Enviornmental,C,51
Enviornmental,C,52
Enviornmental,C,53
Enviornmental,C,54
Enviornmental,C,55
Enviornmental,C,56
Enviornmental,C,57
Enviornmental,C,58
Enviornmental,C,59
Enviornmental,C,60
Enviornmental,C,61
Enviornmental,C,62
Enviornmental,C,63
Enviornmental,C,64
Enviornmental,C,65
Enviornmental,C,66
Enviornmental,C,67
Enviornmental,C,68
Enviornmental,C,69
Enviornmental,C,70
Enviornmental,C,71
Enviornmental,C,72
Enviornmental,C,73
Enviornmental,C,74
Enviornmental,C,75
Enviornmental,C,76
Enviornmental,C,77
Enviornmental,C,78
Enviornmental,C,79
Enviornmental,C,80
Enviornmental,C,81
Enviornmental,C,82
Enviornmental,C,83
Enviornmental,C,84
Enviornmental,C,85
Enviornmental,C,86
Enviornmental,C,87
Enviornmental,C,88
Enviornmental,C,89
Enviornmental,C,90
Enviornmental,C,91
Enviornmental,C,92
Enviornmental,C,93
Enviornmental,C,94
Enviornmental,C,95
Enviornmental,C,96
Enviornmental,C,97
Enviornmental,C,98
Enviornmental,C,99
Animal,D,01
Animal,D,02
Animal,D,03
Animal,D,04
Animal,D,05
Animal,D,06
Animal,D,07
Animal,D,08
Animal,D,09
Animal,D,10
Animal,D,11
Animal,D,12
Animal,D,13
Animal,D,14
Animal,D,15
Animal,D,16
Animal,D,17
Animal,D,18
Animal,D,19
Animal,D,20
Animal,D,21
Animal,D,22
Animal,D,23
Animal,D,24
Animal,D,25
Animal,D,26
Animal,D,27
Animal,D,28
Animal,D,29
Animal,D,30
Animal,D,31
Animal,D,32
Animal,D,33
Animal,D,34
Animal,D,35
Animal,D,36
Animal,D,37
Animal,D,38
Animal,D,39
Animal,D,40
Animal,D,41
Animal,D,42
Animal,D,43
Animal,D,44
Animal,D,45
Animal,D,46
Animal,D,47
Animal,D,48
Animal,D,49
Animal,D,50
Animal,D,51
Animal,D,52
Animal,D,53
Animal,D,54
Animal,D,55
Animal,D,56
Animal,D,57
Animal,D,58
Animal,D,59
Animal,D,60
Animal,D,61
Animal,D,62
Animal,D,63
Animal,D,64
Animal,D,65
Animal,D,66
Animal,D,67
Animal,D,68
Animal,D,69
Animal,D,70
Animal,D,71
Animal,D,72
Animal,D,73
Animal,D,74
Animal,D,75
Animal,D,76
Animal,D,77
Animal,D,78
Animal,D,79
Animal,D,80
Animal,D,81
Animal,D,82
Animal,D,83
Animal,D,84
Animal,D,85
Animal,D,86
Animal,D,87
Animal,D,88
Animal,D,89
Animal,D,90
Animal,D,91
Animal,D,92
Animal,D,93
Animal,D,94
Animal,D,95
Animal,D,96
Animal,D,97
Animal,D,98
Animal,D,99
Health,E,01
Health,E,02
Health,E,03
Health,E,04
Health,E,05
Health,E,06
Health,E,07
Health,E,08
Health,E,09
Health,E,10
Health,E,11
Health,E,12
Health,E,13
Health,E,14
Health,E,15
Health,E,16
Health,E,17
Health,E,18
Health,E,19
Health,E,20
Health,E,21
Health,E,22
Health,E,23
Health,E,24
Health,E,25
Health,E,26
Health,E,27
Health,E,28
Health,E,29
Health,E,30
Health,E,31
Health,E,32
Health,E,33
Health,E,34
Health,E,35
Health,E,36
Health,E,37
Health,E,38
Health,E,39
Health,E,40
Health,E,41
Health,E,42
Health,E,43
Health,E,44
Health,E,45
Health,E,46
Health,E,47
Health,E,48
Health,E,49
Health,E,50
Health,E,51
Health,E,52
Health,E,53
Health,E,54
Health,E,55
Health,E,56
Health,E,57
Health,E,58
Health,E,59
Health,E,60
Health,E,61
Health,E,62
Health,E,63
Health,E,64
Health,E,65
Health,E,66
Health,E,67
Health,E,68
Health,E,69
Health,E,70
Health,E,71
Health,E,72
Health,E,73
Health,E,74
Health,E,75
Health,E,76
Health,E,77
Health,E,78
Health,E,79
Health,E,80
Health,E,81
Health,E,82
Health,E,83
Health,E,84
Health,E,85
Health,E,86
Health,E,87
Health,E,88
Health,E,89
Health,E,90
Health,E,91
Health,E,92
Health,E,93
Health,E,94
Health,E,95
Health,E,96
Health,E,97
Health,E,98
Health,E,99
Criminal Welfare,I,01
Criminal Welfare,I,02
Criminal Welfare,I,03
Criminal Welfare,I,04
Criminal Welfare,I,05
Criminal Welfare,I,06
Criminal Welfare,I,07
Criminal Welfare,I,08
Criminal Welfare,I,09
Criminal Welfare,I,10
Criminal Welfare,I,11
Criminal Welfare,I,12
Criminal Welfare,I,13
Criminal Welfare,I,14
Criminal Welfare,I,15
Criminal Welfare,I,16
Criminal Welfare,I,17
Criminal Welfare,I,18
Criminal Welfare,I,19
Criminal Welfare,I,20
Criminal Welfare,I,21
Criminal Welfare,I,22
Criminal Welfare,I,23
Criminal Welfare,I,24
Criminal Welfare,I,25
Criminal Welfare,I,26
Criminal Welfare,I,27
Criminal Welfare,I,28
Criminal Welfare,I,29
Criminal Welfare,I,30
Criminal Welfare,I,31
Criminal Welfare,I,32
Criminal Welfare,I,33
Criminal Welfare,I,34
Criminal Welfare,I,35
Criminal Welfare,I,36
Criminal Welfare,I,37
Criminal Welfare,I,38
Criminal Welfare,I,39
Criminal Welfare,I,40
Criminal Welfare,I,41
Criminal Welfare,I,42
Criminal Welfare,I,43
Criminal Welfare,I,44
Criminal Welfare,I,45
Criminal Welfare,I,46
Criminal Welfare,I,47
Criminal Welfare,I,48
Criminal Welfare,I,49
Criminal Welfare,I,50
Criminal Welfare,I,51
Criminal Welfare,I,52
Criminal Welfare,I,53
Criminal Welfare,I,54
Criminal Welfare,I,55
Criminal Welfare,I,56
Criminal Welfare,I,57
Criminal Welfare,I,58
Criminal Welfare,I,59
Criminal Welfare,I,60
Criminal Welfare,I,61
Criminal Welfare,I,62
Criminal Welfare,I,63
Criminal Welfare,I,64
Criminal Welfare,I,65
Criminal Welfare,I,66
Criminal Welfare,I,67
Criminal Welfare,I,68
Criminal Welfare,I,69
Criminal Welfare,I,70
Criminal Welfare,I,71
Criminal Welfare,I,72
Criminal Welfare,I,73
Criminal Welfare,I,74
Criminal Welfare,I,75
Criminal Welfare,I,76
Criminal Welfare,I,77
Criminal Welfare,I,78
Criminal Welfare,I,79
Criminal Welfare,I,80
Criminal Welfare,I,81
Criminal Welfare,I,82
Criminal Welfare,I,83
Criminal Welfare,I,84
Criminal Welfare,I,85
Criminal Welfare,I,86
Criminal Welfare,I,87
Criminal Welfare,I,88
Criminal Welfare,I,89
Criminal Welfare,I,90
Criminal Welfare,I,91
Criminal Welfare,I,92
Criminal Welfare,I,93
Criminal Welfare,I,94
Criminal Welfare,I,95
Criminal Welfare,I,96
Criminal Welfare,I,97
Criminal Welfare,I,98
Criminal Welfare,I,99
Employment,J,01
Employment,J,02
Employment,J,03
Employment,J,04
Employment,J,05
Employment,J,06
Employment,J,07
Employment,J,08
Employment,J,09
Employment,J,10
Employment,J,11
Employment,J,12
Employment,J,13
Employment,J,14
Employment,J,15
Employment,J,16
Employment,J,17
Employment,J,18
Employment,J,19
Employment,J,20
Employment,J,21
Employment,J,22
Employment,J,23
Employment,J,24
Employment,J,25
Employment,J,26
Employment,J,27
Employment,J,28
Employment,J,29
Employment,J,30
Employment,J,31
Employment,J,32
Employment,J,33
Employment,J,34
Employment,J,35
Employment,J,36
Employment,J,37
Employment,J,38
Employment,J,39
Employment,J,40
Employment,J,41
Employment,J,42
Employment,J,43
Employment,J,44
Employment,J,45
Employment,J,46
Employment,J,47
Employment,J,48
Employment,J,49
Employment,J,50
Employment,J,51
Employment,J,52
Employment,J,53
Employment,J,54
Employment,J,55
Employment,J,56
Employment,J,57
Employment,J,58
Employment,J,59
Employment,J,60
Employment,J,61
Employment,J,62
Employment,J,63
Employment,J,64
Employment,J,65
Employment,J,66
Employment,J,67
Employment,J,68
Employment,J,69
Employment,J,70
Employment,J,71
Employment,J,72
Employment,J,73
Employment,J,74
Employment,J,75
Employment,J,76
Employment,J,77
Employment,J,78
Employment,J,79
Employment,J,80
Employment,J,81
Employment,J,82
Employment,J,83
Employment,J,84
Employment,J,85
Employment,J,86
Employment,J,87
Employment,J,88
Employment,J,89
Employment,J,90
Employment,J,91
Employment,J,92
Employment,J,93
Employment,J,94
Employment,J,95
Employment,J,96
Employment,J,97
Employment,J,98
Employment,J,99
Food & Nutrition,K,01
Food & Nutrition,K,02
Food & Nutrition,K,03
Food & Nutrition,K,04
Food & Nutrition,K,05
Food & Nutrition,K,06
Food & Nutrition,K,07
Food & Nutrition,K,08
Food & Nutrition,K,09
Food & Nutrition,K,10
Food & Nutrition,K,11
Food & Nutrition,K,12
Food & Nutrition,K,13
Food & Nutrition,K,14
Food & Nutrition,K,15
Food & Nutrition,K,16
Food & Nutrition,K,17
Food & Nutrition,K,18
Food & Nutrition,K,19
Food & Nutrition,K,20
Food & Nutrition,K,21
Food & Nutrition,K,22
Food & Nutrition,K,23
Food & Nutrition,K,24
Food & Nutrition,K,25
Food & Nutrition,K,26
Food & Nutrition,K,27
Food & Nutrition,K,28
Food & Nutrition,K,29
Food & Nutrition,K,30
Food & Nutrition,K,31
Food & Nutrition,K,32
Food & Nutrition,K,33
Food & Nutrition,K,34
Food & Nutrition,K,35
Food & Nutrition,K,36
Food & Nutrition,K,37
Food & Nutrition,K,38
Food & Nutrition,K,39
Food & Nutrition,K,40
Food & Nutrition,K,41
Food & Nutrition,K,42
Food & Nutrition,K,43
Food & Nutrition,K,44
Food & Nutrition,K,45
Food & Nutrition,K,46
Food & Nutrition,K,47
Food & Nutrition,K,48
Food & Nutrition,K,49
Food & Nutrition,K,50
Food & Nutrition,K,51
Food & Nutrition,K,52
Food & Nutrition,K,53
Food & Nutrition,K,54
Food & Nutrition,K,55
Food & Nutrition,K,56
Food & Nutrition,K,57
Food & Nutrition,K,58
Food & Nutrition,K,59
Food & Nutrition,K,60
Food & Nutrition,K,61
Food & Nutrition,K,62
Food & Nutrition,K,63
Food & Nutrition,K,64
Food & Nutrition,K,65
Food & Nutrition,K,66
Food & Nutrition,K,67
Food & Nutrition,K,68
Food & Nutrition,K,69
Food & Nutrition,K,70
Food & Nutrition,K,71
Food & Nutrition,K,72
Food & Nutrition,K,73
Food & Nutrition,K,74
Food & Nutrition,K,75
Food & Nutrition,K,76
Food & Nutrition,K,77
Food & Nutrition,K,78
Food & Nutrition,K,79
Food & Nutrition,K,80
Food & Nutrition,K,81
Food & Nutrition,K,82
Food & Nutrition,K,83
Food & Nutrition,K,84
Food & Nutrition,K,85
Food & Nutrition,K,86
Food & Nutrition,K,87
Food & Nutrition,K,88
Food & Nutrition,K,89
Food & Nutrition,K,90
Food & Nutrition,K,91
Food & Nutrition,K,92
Food & Nutrition,K,93
Food & Nutrition,K,94
Food & Nutrition,K,95
Food & Nutrition,K,96
Food & Nutrition,K,97
Food & Nutrition,K,98
Food & Nutrition,K,99
Housing & Shelter,L,01
Housing & Shelter,L,02
Housing & Shelter,L,03
Housing & Shelter,L,04
Housing & Shelter,L,05
Housing & Shelter,L,06
Housing & Shelter,L,07
Housing & Shelter,L,08
Housing & Shelter,L,09
Housing & Shelter,L,10
Housing & Shelter,L,11
Housing & Shelter,L,12
Housing & Shelter,L,13
Housing & Shelter,L,14
Housing & Shelter,L,15
Housing & Shelter,L,16
Housing & Shelter,L,17
Housing & Shelter,L,18
Housing & Shelter,L,19
Housing & Shelter,L,20
Housing & Shelter,L,21
Housing & Shelter,L,22
Housing & Shelter,L,23
Housing & Shelter,L,24
Housing & Shelter,L,25
Housing & Shelter,L,26
Housing & Shelter,L,27
Housing & Shelter,L,28
Housing & Shelter,L,29
Housing & Shelter,L,30
Housing & Shelter,L,31
Housing & Shelter,L,32
Housing & Shelter,L,33
Housing & Shelter,L,34
Housing & Shelter,L,35
Housing & Shelter,L,36
Housing & Shelter,L,37
Housing & Shelter,L,38
Housing & Shelter,L,39
Housing & Shelter,L,40
Housing & Shelter,L,41
Housing & Shelter,L,42
Housing & Shelter,L,43
Housing & Shelter,L,44
Housing & Shelter,L,45
Housing & Shelter,L,46
Housing & Shelter,L,47
Housing & Shelter,L,48
Housing & Shelter,L,49
Housing & Shelter,L,50
Housing & Shelter,L,51
Housing & Shelter,L,52
Housing & Shelter,L,53
Housing & Shelter,L,54
Housing & Shelter,L,55
Housing & Shelter,L,56
Housing & Shelter,L,57
Housing & Shelter,L,58
Housing & Shelter,L,59
Housing & Shelter,L,60
Housing & Shelter,L,61
Housing & Shelter,L,62
Housing & Shelter,L,63
Housing & Shelter,L,64
Housing & Shelter,L,65
Housing & Shelter,L,66
Housing & Shelter,L,67
Housing & Shelter,L,68
Housing & Shelter,L,69
Housing & Shelter,L,70
Housing & Shelter,L,71
Housing & Shelter,L,72
Housing & Shelter,L,73
Housing & Shelter,L,74
Housing & Shelter,L,75
Housing & Shelter,L,76
Housing & Shelter,L,77
Housing & Shelter,L,78
Housing & Shelter,L,79
Housing & Shelter,L,80
Housing & Shelter,L,81
Housing & Shelter,L,82
Housing & Shelter,L,83
Housing & Shelter,L,84
Housing & Shelter,L,85
Housing & Shelter,L,86
Housing & Shelter,L,87
Housing & Shelter,L,88
Housing & Shelter,L,89
Housing & Shelter,L,90
Housing & Shelter,L,91
Housing & Shelter,L,92
Housing & Shelter,L,93
Housing & Shelter,L,94
Housing & Shelter,L,95
Housing & Shelter,L,96
Housing & Shelter,L,97
Housing & Shelter,L,98
Housing & Shelter,L,99
Youth,O,01
Youth,O,02
Youth,O,03
Youth,O,04
Youth,O,05
Youth,O,06
Youth,O,07
Youth,O,08
Youth,O,09
Youth,O,10
Youth,O,11
Youth,O,12
Youth,O,13
Youth,O,14
Youth,O,15
Youth,O,16
Youth,O,17
Youth,O,18
Youth,O,19
Youth,O,20
Youth,O,21
Youth,O,22
Youth,O,23
Youth,O,24
Youth,O,25
Youth,O,26
Youth,O,27
Youth,O,28
Youth,O,29
Youth,O,30
Youth,O,31
Youth,O,32
Youth,O,33
Youth,O,34
Youth,O,35
Youth,O,36
Youth,O,37
Youth,O,38
Youth,O,39
Youth,O,40
Youth,O,41
Youth,O,42
Youth,O,43
Youth,O,44
Youth,O,45
Youth,O,46
Youth,O,47
Youth,O,48
Youth,O,49
Youth,O,50
Youth,O,51
Youth,O,52
Youth,O,53
Youth,O,54
Youth,O,55
Youth,O,56
Youth,O,57
Youth,O,58
Youth,O,59
Youth,O,60
Youth,O,61
Youth,O,62
Youth,O,63
Youth,O,64
Youth,O,65
Youth,O,66
Youth,O,67
Youth,O,68
Youth,O,69
Youth,O,70
Youth,O,71
Youth,O,72
Youth,O,73
Youth,O,74
Youth,O,75
Youth,O,76
Youth,O,77
Youth,O,78
Youth,O,79
Youth,O,80
Youth,O,81
Youth,O,82
Youth,O,83
Youth,O,84
Youth,O,85
Youth,O,86
Youth,O,87
Youth,O,88
Youth,O,89
Youth,O,90
Youth,O,91
Youth,O,92
Youth,O,93
Youth,O,94
Youth,O,95
Youth,O,96
Youth,O,97
Youth,O,98
Youth,O,99
Human Services,P,01
Human Services,P,02
Human Services,P,03
Human Services,P,04
Human Services,P,05
Human Services,P,06
Human Services,P,07
Human Services,P,08
Human Services,P,09
Human Services,P,10
Human Services,P,11
Human Services,P,12
Human Services,P,13
Human Services,P,14
Human Services,P,15
Human Services,P,16
Human Services,P,17
Human Services,P,18
Human Services,P,19
Human Services,P,20
Human Services,P,21
Human Services,P,22
Human Services,P,23
Human Services,P,24
Human Services,P,25
Human Services,P,26
Human Services,P,27
Human Services,P,28
Human Services,P,29
Human Services,P,30
Human Services,P,31
Human Services,P,32
Human Services,P,33
Human Services,P,34
Human Services,P,35
Human Services,P,36
Human Services,P,37
Human Services,P,38
Human Services,P,39
Human Services,P,40
Human Services,P,41
Human Services,P,42
Human Services,P,43
Human Services,P,44
Human Services,P,45
Human Services,P,46
Human Services,P,47
Human Services,P,48
Human Services,P,49
Human Services,P,50
Human Services,P,51
Human Services,P,52
Human Services,P,53
Human Services,P,54
Human Services,P,55
Human Services,P,56
Human Services,P,57
Human Services,P,58
Human Services,P,59
Human Services,P,60
Human Services,P,61
Human Services,P,62
Human Services,P,63
Human Services,P,64
Human Services,P,65
Human Services,P,66
Human Services,P,67
Human Services,P,68
Human Services,P,69
Human Services,P,70
Human Services,P,71
Human Services,P,72
Human Services,P,73
Human Services,P,74
Human Services,P,75
Human Services,P,76
Human Services,P,77
Human Services,P,78
Human Services,P,79
Human Services,P,80
Human Services,P,81
Human Services,P,82
Human Services,P,83
Human Services,P,84
Human Services,P,85
Human Services,P,86
Human Services,P,87
Human Services,P,88
Human Services,P,89
Human Services,P,90
Human Services,P,91
Human Services,P,92
Human Services,P,93
Human Services,P,94
Human Services,P,95
Human Services,P,96
Human Services,P,97
Human Services,P,98
Human Services,P,99
